{
  "num_runs": 20,
  "warmup_runs": 5,
  "imgsz": 416,
  "inference": {
    "mean_ms": 58.528520449988264,
    "median_ms": 60.89127699999608,
    "min_ms": 35.167422000085935,
    "max_ms": 71.78278900005353,
    "std_ms": 10.287810784958214
  },
  "total": {
    "mean_ms": 61.049023299972305,
    "median_ms": 63.29202149993307,
    "min_ms": 37.61163900003339,
    "max_ms": 73.53282899998703,
    "std_ms": 10.374719653864249
  },
  "fps": {
    "mean": 16.380278437647892,
    "median": 15.799779755826846,
    "min": 13.599367977535262,
    "max": 26.587514572260787
  },
  "components": {
    "preprocess_ms": 2.520502849984041,
    "inference_ms": 58.528520449988264,
    "postprocess_ms": 0.0
  }
}