{
  "model": "yolo11n.pt",
  "imgsz": 640,
  "metrics": {
    "mAP@0.5": 0.6193012243479572,
    "precision": 0.870550161812016,
    "recall": 0.6420047732696897,
    "true_positives": 269,
    "false_positives": 40,
    "num_predictions": 309,
    "num_ground_truths": 419,
    "num_images": 100,
    "fps": 2.326723928514087
  },
  "graduation_requirement": {
    "threshold": 0.9,
    "achieved": 0.6193012243479572,
    "status": "FAIL",
    "margin": -28.069877565204283
  }
}